Y,X1,X2,X3,X4
76.08546210575352,37.454011884736246,34.90808570098726,0.17770100093325383,0.9571904431659538
308.4328292026653,95.07143064099162,26.80481831720602,-1.3353443587101013,0.9184333464982994
315.40067150010975,73.1993941811405,15.476380814316387,0.3801978510059632,0.9994321832238132
259.8336441148618,59.86584841970366,40.68975098534743,0.6105857452838231,0.72031870192735
65.31359777337335,15.601864044243651,34.23655862769397,0.5597904479310398,0.3537747758104048
37.82130397393905,15.599452033620265,8.130846967244565,1.0807807255546218,0.11008552159004206
150.54880342507175,5.8083612168199465,45.546359224692125,0.8339221545489041,0.4885847256043626
369.4432464348664,86.61761457749351,41.12686214615845,0.4591800792284367,-0.44374327669806685
263.3678898936703,60.11150117432088,47.4899956645962,-0.07016571145864703,0.768457722198923
266.65250358691526,70.80725777960456,36.285975419418,-1.6609609335159914,0.05517170237183529
47.928960430128626,2.0584494295802447,30.670759796789493,0.42961821913258585,-0.6780915473200433
286.6767500527351,96.99098521619943,20.912151814530944,0.20768768716311115,0.08624227978873186
423.7744250489999,83.24426408004217,46.63642416770066,0.27157883719537346,-0.7367306259276919
134.1920986929567,21.233911067827616,43.30319447502042,-1.2767485758203094,-0.971251487842445
119.92728321402396,18.182496720710063,2.2609335053094703,-1.0810565404082624,-0.2737039845503083
133.7238530018779,18.34045098534338,1.3183487248626002,1.0531528533329035,-0.9028665005403734
178.8345544830643,30.42422429595377,18.82316834390248,-0.03955515385665504,0.22881306784505792
216.90124693195224,52.475643163223786,40.52766653909165,0.6815006973726244,-0.9670943507818098
248.4976230409596,43.194501864211574,49.363806465747224,0.028318376130461172,-0.476616747567246
101.20065085021957,29.122914019804192,7.520844555176409,0.02975613949574519,0.7898279224802929
197.78384691542095,61.18528947223795,29.706535767606756,0.9382838059759977,0.8706329462103259
96.15520794479485,13.949386065204184,19.044542831551077,-0.5160447282173739,0.11854638335941528
125.68284478403564,29.214464853521815,48.49571989073016,0.09612077694098337,0.9182601231743215
253.50441472475657,36.63618432936917,42.105946156785436,-0.4622752887050425,0.949073148360047
197.4230008713049,45.606998421703594,41.91643523555689,-0.4344962274323156,-0.6167760240306701
292.480087191043,78.51759613930136,23.434657989748516,-0.30917212346863937,0.6012262119170723
115.54847845858156,19.967378215835975,20.74097511688326,0.22213377163371284,0.6773916590479765
168.66579003195022,51.42344384136116,13.670353596535312,-0.4787486216634773,0.9790055031872061
212.6966103974692,59.24145688620425,2.8187748325463557,1.2557561255735208,0.9989272942223701
76.66217861037842,4.645041271999773,43.23611881275266,-0.8946073022195039,0.09465932550018738
307.11842135630144,60.75448519014384,40.64505045650388,-0.18687164416135904,0.7237303963891211
83.8300204224631,17.052412368729154,49.98588366430653,-0.4397310582741749,-0.7759433094576393
125.49814058029499,6.505159298527952,49.831841853695266,1.4469778843537329,0.9865087376022978
437.15528168917695,94.88855372533332,27.771585280131372,0.19655477651157463,0.6181017128885495
316.57178521014015,96.56320330745594,38.44937075902553,1.0318445394686349,-0.3140013413163324
303.1085288969386,80.83973481164611,47.238286494121404,-1.485560373036972,-0.3252953493003901
202.0442623026981,30.46137691733707,42.482369533870575,0.26705026586925884,0.1261980718714128
63.01553347321482,9.767211400638388,12.367405087159883,0.889630795623437,0.9320290571513543
267.85582644833437,68.42330265121569,22.527206765504676,0.08228398927542419,0.9700038696549163
169.42104614441308,44.01524937396013,6.457970757574749,1.0654803750653512,0.7205763183533439
163.7526466073944,12.203823484477883,47.70255136293612,-0.5172884501003722,0.19593030744720313
264.6555285762802,49.51769101112702,30.308731722544003,1.40934744018558,-0.9875076972683966
53.67176973133742,3.4388521115218396,11.432140275173136,2.2988981236192503,-0.2188696961807161
327.90330633329313,90.9320402078782,33.58503422029283,-0.36283856043965906,0.9788807253005566
173.0755035859312,25.87799816000169,30.90641202289479,-0.4455025214007718,0.9842723060857543
329.5670538542394,66.2522284353982,17.908135901642027,1.453384477117701,-0.9513303884672613
98.23739472765752,31.171107608941096,5.677879609981451,1.5795721457307124,-0.747996083959862
174.4512606790911,52.00680211778108,33.57865977963998,-0.5228600271532683,0.9942749341408713
271.39788735771185,54.67102793432797,26.015385045189664,-0.42018681709585726,-0.5087666566488444
126.66911763354214,18.485445552552704,38.61591958678196,-0.2817846088605072,0.6301319206694114
234.2582611398651,96.95846277645586,26.00817505559967,-1.344450511034277,0.25526238581179134
360.12908089770946,77.51328233611146,42.609075015927004,-0.9186519464841982,0.9760861929889371
310.27395704900914,93.9498941564189,27.595341938724278,-1.0041407667520679,-0.20491137016977434
320.0153381666252,89.48273504276489,28.046898576769312,-0.7677975651041284,-0.7088665421062467
283.63437043761076,59.78999788110851,43.832680132917254,-0.03468488738678118,-0.23132913217141776
326.4355411171281,92.18742350231169,20.17414331061985,0.23421473253652075,-0.9258905701056214
75.4218643175919,8.84925020519195,6.700761422532037,1.5505004928140769,0.02342917872503123
39.898807828585284,19.59828624191452,1.4391338156669486,-0.998354040738791,-0.9397050021136969
114.73720214932746,4.522728891053807,37.75686278368095,0.9843223984765838,-0.9500899931571423
146.6527204851299,32.53303307632643,31.015477567673233,-0.21398884422550896,0.8707113161548976
223.95168776114213,38.8677289689482,35.20398840496118,-0.04946370965243295,0.12475196539850408
133.46949988371253,27.134903177389592,10.648208075445536,0.6748194921666038,0.8311712203001123
215.48646520202598,82.87375091519293,6.818573779338488,-1.1227220215622986,-0.08719488875030451
162.7795703836166,35.67533266935893,0.7272332833940964,0.3824097461840506,0.2170833952882923
92.54093653117154,28.093450968738075,17.529377940329848,0.1664522082130561,0.9987227321794498
262.20348354699513,54.26960831582485,29.495884342731653,0.4924512640081491,0.5757296646075156
99.86603767246905,14.092422497476264,19.612202254986617,0.2891686439078181,0.9989253000854433
376.3157702683409,80.21969807540397,21.873746101186452,2.4553001399108942,-0.9934651950278258
101.60776343471348,7.455064367977082,45.20793472468742,-0.637739984251316,0.549393289259126
313.4257878765753,98.68869366005173,17.41277335116502,-0.5309969550018176,-0.5002480397576233
282.1013994105917,77.22447692966574,25.69947445799054,-0.6231405264247644,0.546187093497896
122.82101659265224,19.87156815341724,39.18265063705715,-0.5554771191602547,0.6187629166397446
81.30800846631024,0.5522117123602399,19.827139116063506,-0.6373871273065177,-0.40045311814481327
226.03156813740821,81.54614284548342,31.104335011393676,1.1890165311075518,0.6814862696274084
245.609453071642,70.68573438476172,43.11818543733726,1.4205042479898549,0.9890233037944623
260.26406669910074,72.90071680409874,47.4760311828821,-0.5707462937494763,0.9369679771478586
293.60383169736633,77.12703466859458,7.353674046451896,-0.8323555731042287,0.10862640910706697
200.40282666547282,7.4044651734090365,46.32938125807472,0.4714155563864041,0.8470754065210615
151.52888694436203,35.84657285442726,24.60581465397691,-0.5522230442809712,0.5959338976029085
52.14407052793422,11.586905952512971,12.912219414947918,0.6329318177555108,0.5834075656410758
308.3472115421632,86.31034258755935,22.956787811913067,0.2029230208512997,-0.927983439052625
343.0866107072246,62.329812682755794,49.00162876427385,-1.515744114997232,-0.5160136341387865
102.163560145553,33.08980248526492,24.63090469964348,1.5475052013300616,0.9594586714998898
63.86111525129717,6.355835028602364,16.437580514375412,1.7958776730955217,-0.1306166421530441
205.3946634354927,31.09823217156622,31.67004271583629,-0.6127886904843862,0.07897412202229272
146.62426698283568,32.518332202674706,12.007280938909654,-0.38770155993598415,-0.044212527522837476
235.9472671422228,72.96061783380641,3.7931664054331957,0.28586539072490497,-0.8483022018541119
254.20751822598592,63.75574713552131,6.443986095532461,0.334456789987025,-0.8997695808307479
143.80679201871334,88.72127425763266,6.402291947888622,0.6585442726728304,0.9654341067314286
190.7485128763596,47.22149251619493,7.595134675614718,2.0102045387663496,0.5301146809162331
17.057206890060336,11.959424593830171,6.941358632470507,-0.1769472274940494,-0.9770739000749727
186.52926580439714,71.3244787222995,32.04373724016073,-0.7982972445384537,0.9303504818593972
271.9836530012327,76.07850486168974,9.094004219957242,-1.3793192280145272,-0.5107017882447278
271.63281486138305,56.127719756949624,17.28336416619316,-0.7309300399419191,-0.8413114896625505
314.09656924558493,77.0967179954561,44.839420495300594,-0.033126972873797095,0.9125182765640539
243.1785702957514,49.379559636439076,23.69808201314362,1.7945578635177877,0.8688914904623041
304.18953556613326,52.27328293819941,33.37788692605136,-0.5176112990361714,0.9870782582877379
211.24001530693025,42.75410183585496,8.615993560081492,0.2237879516388985,0.11008905016192304
108.85286637266528,2.541912674409519,9.614450940433539,-0.016422896072752075,-0.8520804541447491
73.56066427823384,10.789142699330444,2.043430813323943,1.188393273448084,-0.9948985358868846
30.09394395831637,3.142918568673425,8.446753153608228,2.5269324258736217,0.19074671124951242
138.68386668747155,63.64104112637804,13.92951695159793,-0.5308687729203206,0.5171010648298129
99.70471834407525,31.435598107632668,8.85052421383734,-0.48943944251822213,0.9686438149964824
119.27913095930681,50.85706911647028,4.43512668785278,1.044160877069072,0.9801262794485137
392.88066516277866,90.7566473926093,6.03179355503004,0.6818914896263114,-0.8016701517187237
112.07125492631823,24.929222914887493,23.038938401636287,1.8467073257360336,0.8357921243107591
149.90848909049248,41.038292303562976,10.316685920289625,0.5839281853259639,0.12091118078272911
290.6665964697455,75.55511385430486,18.213493052403773,-0.35929209078705954,0.6665551698790104
121.16129905159511,22.879816549162246,25.170863542742843,0.5906548306923093,-0.3277864166057156
176.88600783311207,7.697990982879299,34.51974143146826,1.1087035805829077,0.9870049602075874
59.72418177151769,28.9751452913768,1.9656069920549468,0.820482181197364,-0.17015649949068273
138.03779882896774,16.122128725400444,39.97051994545213,0.5072740311072977,-0.9862285716581966
304.5758053669603,92.96976523425731,31.39501947454539,1.066674689589154,0.8900076678772825
184.61089150317696,80.8120379564417,4.087951597443595,1.1692955904456728,-0.7198529296980811
246.7905348185405,63.34037565104234,43.67893120533886,1.3821589910375272,-0.9858180325735644
351.67357725707603,87.14605901877177,46.04362002659066,0.6487098875896427,0.831169165746247
225.74430782935775,80.36720768991145,3.0538979927431873,-0.16711808031685435,0.8309570808448336
49.037733486838334,18.657005888603585,13.843882407360187,0.14671368643332283,-0.9855809786979641
278.0719543427077,89.25589984899777,40.31006398965307,1.2065089665083568,0.9975292925294258
232.47336298162634,53.93422419156507,37.41298451918292,-0.8169356709872361,-0.10497286506079453
185.4481297833064,80.74401551640625,9.226050967818866,0.3686733088729012,0.8868051212829636
327.76512049519914,89.60912999234932,10.467466166835514,-0.3933388123273607,-0.9988581647587174
136.57024041742253,31.800347497186387,18.5236051395691,0.028744822934817487,-0.5788275803819793
8.590300904158639,11.005192452767677,24.226149259551065,1.2784518626072987,-0.7195611348938522
114.74557206311891,22.793516254194166,30.912738576514798,0.19109906801990334,-0.9930553369131724
127.41588026532497,42.71077886262563,18.445681978488622,0.04643654815614881,0.9999927183343934
307.6166269110218,81.80147659224932,23.126735806657393,-1.3598561409799192,0.48287166504635565
399.9887910914359,86.07305832563435,37.37354690668783,0.7462535660272207,-0.12821499036423215
-88.00466403387023,0.6952130531190703,1.834160144529895,0.6454841811410754,0.999886717346302
184.21918916504262,51.07473025775657,12.621847217201038,2.16325472330546,-0.01247598021977119
188.5516197547569,41.7411003148779,35.66747929422762,-0.30777823495300083,0.5631243500920351
189.72003073246228,22.210781047073024,44.76034188435997,0.21915032766393897,-0.9439630562827479
97.78718582355592,11.98653673336828,25.583872105783307,0.24938368371075526,0.5604147006508807
116.897433360679,33.7615171403628,26.605674263265783,1.5774532797634744,0.8500404926935117
277.63741552440246,94.29097039125192,5.358600566988803,-0.0952955323869521,0.3748764382858345
101.90082344839757,32.320293202075526,22.370618341172733,0.27902152577033923,0.39600130053212906
262.69927009844207,51.87906217433661,26.630863322751157,0.6078965097165392,-0.9952395027433424
236.21832046562344,70.30189588951778,12.123525181736483,0.1866091231563581,0.08871268627762716
231.07273809637667,36.3629602379294,13.462161547469048,-0.44643361455052827,0.3053956623506653
326.23000043601945,97.17820827209607,18.864208155231132,0.19408999289830758,0.45609348234270186
255.32096991488288,96.24472949421113,1.0035598888863184,1.073631749859772,0.08341447771057163
32.05688567528571,25.178229582536417,16.103958279158913,-1.0265152994110602,-0.14335386778471412
80.16236865457284,49.72485058923854,10.572400349827232,0.132969674146876,0.6182548517523527
43.806431012547876,30.087830981676966,16.374867608895734,-0.7001208149391732,-0.8908010745101235
110.78469404573957,28.484049437746762,5.988106590962561,1.1950466289248425,0.9976131085097686
125.55506344184604,3.6886947354532795,44.52636403699475,-1.5231869047837747,0.887159284523692
163.16901044776722,60.956433397989684,29.679622677702433,-0.5589218472715883,-0.9171884824050177
263.46585458691317,50.26790232288615,33.95511595722448,0.37721187506452086,0.49609237433447345
70.20769665155865,5.147875124998935,39.45856193036691,1.5655240292343404,0.40477156856763336
140.77780976316663,27.864646423661142,24.922109946452863,-0.0657502610729878,0.7499061221676201
361.78282601150966,90.82658859666537,4.346014404371185,-0.5551995266931984,0.7707698266172087
170.42118717522308,23.95618906669724,26.85532709092739,1.8811570694405901,0.6600184802704062
88.72604103416322,14.48948720912231,29.342055901043956,-1.448013900416244,0.6537785462905096
176.8201642309375,48.9452760277563,37.271973709216496,-2.198805956620082,0.12078908814550729
231.27032078968293,98.56504541106007,21.58297731148397,0.4400144500533324,-0.13977682373841152
49.4169457708855,24.20552715115004,6.379015139778188,-0.5020542243526112,0.8875032465943019
219.4617428602513,67.21355474058785,14.188795289936223,-1.0212328171307132,-0.3810404938842015
215.43513788091957,76.16196153287176,18.154114819931756,0.7083564472993533,0.17532595398467396
129.32013897626481,23.763754399239968,32.295862066580064,0.24380071377119883,-0.34800256216002196
279.3853291983875,72.82163486118596,28.538915233445593,-0.5640786307367284,0.9942331951393443
134.70181331515664,36.77831327192532,17.80483629489231,-1.2803043986708944,0.3245356866133688
255.8431450161988,63.23058305935795,49.32576243964898,0.8724573282801447,0.9607343990662046
259.06912876229353,63.35297107608947,30.288740967844358,0.650201177958661,0.9855344717850272
206.55211687449744,53.57746840747585,11.861339586799724,-0.09917586377938291,0.8326947226117171
-17.254775593779442,9.02897700544083,5.089123631020187,1.8466369960476658,0.31441647291512537
336.42328158251814,83.5302495589238,7.642956959216601,-1.0700847663261526,0.9779777231982126
115.90038571575846,32.07800649717358,12.297886419225406,-1.5255251709247388,0.47162118658230767
72.96617159315423,18.651851039985424,8.034068662977784,-0.6919080698812444,0.207921570166205
66.29996603438761,4.077514155476392,9.328351202565289,-0.045586016355497805,0.7323159037489039
217.4382063890323,59.08929431882418,14.254758434692356,0.24333944932269183,-0.2511057017767765
268.26349977782246,67.75643618422824,8.66867976473774,-0.24123605785632987,0.18605438792924592
109.00909940109057,1.6587828927856152,44.83827123132126,0.3520553965142968,0.9869469399073626
131.0294233239266,51.2093058299281,4.011687283082111,-1.251539424190444,-0.03654148156247365
138.47504777671193,22.649577519793795,26.225569478512732,1.4437646040732595,-0.6270837593123625
177.40520945576802,64.51727904094498,20.519841349483077,-0.0821511783925688,0.8841726589956069
155.97577568118425,17.436642900499145,49.11893084543032,1.1172958315881276,0.9369731439777728
216.82371211532194,69.09377381024659,5.601945108402617,0.34272534637770413,-0.13266337580498913
145.40032093110838,38.67353463005374,19.892779952287082,0.4567532191537839,0.9942119953238836
371.5391643766107,93.67299887367345,48.473521663768445,0.5697672802322039,0.1552269938425083
33.71454355831405,13.752094414599325,43.275356294699016,0.44770856001731496,-0.8305886969247968
156.59086702295747,34.10663510502585,40.853603547464,0.6427227598675439,0.4073150311198003
64.47458413372644,11.347352124058908,12.895141352246991,1.3291525301324314,-0.257186674625871
302.48966382244544,92.46936182785628,8.544379369503291,0.19652116970147013,0.9911472623236337
278.6823709604395,87.7339353380981,33.43216099622155,0.7090037575885123,0.2117569087885468
233.6054792705403,25.79416277151556,46.46879945637929,-0.08973569428722672,-0.3662030496841846
210.36276070092168,65.99840460341791,27.83814465069649,1.4401172154494728,-0.2613006392244396
350.80078903369156,81.72222002012158,28.580634473494992,-0.6763923020592697,-0.443014829489653
215.91787093945132,55.52008115994623,13.998954683014208,1.8009404329108156,0.9311472321315698
203.53310133380546,52.965057835600646,38.47464665959684,-0.04015795064434341,0.9654279323701366
180.02560675636346,24.18522909004517,9.352187427876169,-1.4307751021180481,0.27789371883302194
0.6169123943701251,9.310276780589922,16.183961820212183,0.12810441491078928,0.9582899405177483
357.66607992813977,89.72157579533267,21.27182193082084,-0.6810516574748808,-0.2387538693722489
370.91557091959356,90.04180571633304,25.38051893422275,0.8406435489887241,0.14344501387263026
180.64039996965616,63.31014572732679,12.120486620754011,-0.6526239793023909,0.7804820677733494
182.815884791747,33.90297910487007,5.741841236960177,-0.4461834332147797,-0.5480888319175599
153.3225508980139,34.92095746126609,30.53100212208163,-1.889540730945531,-0.9242918836160297
261.0844404490902,72.59556788702393,14.431527662012789,-0.4523063192490767,-0.9497565773510118
340.2729920665954,89.71102599525771,29.061911071130613,-2.4238793266289567,-0.15318398096187386
274.846761733428,88.70864242651173,7.718135763710116,-1.5839028234857233,-0.005980381029109914
322.617087600758,77.98755458576238,24.057005092740873,0.7604146561442974,0.6703390019078158
285.5428731290556,64.20316461542878,26.629471627579292,0.7858001586508322,0.9373741901048255
-57.0022554811517,8.413996499504883,2.5911768411213454,0.42545756178496474,0.9195318928405704
147.36605419168382,16.162871409461378,16.830213909696027,-0.966976143129213,0.5273927886758855
199.8831248502375,89.85541885270793,6.720733846948712,-0.047711356141979855,0.17403213526288935
239.89352516223664,60.642905965958995,3.168748523638387,-0.0036025390905684044,0.27878120066332485
158.0903955653626,0.9197051616629648,49.49801161949726,-1.1583646891925428,0.9537003693993651
8.128525846522017,10.147154286603211,16.117692248736148,1.5033983017671506,0.7250300307225165
259.497260920151,66.35017691080559,40.493722292731746,0.8773622905756714,0.8189819344188356
-28.302692794054796,0.5061583846218687,12.732032738188192,-0.22096417382966393,0.23334148945217764
105.64663613320576,16.080805141749867,34.075136111196464,0.02688583899453078,0.580369581612313
225.24120858965742,54.87337893665861,38.011392994484325,0.20838280794755248,0.9542776842219137
306.1154599820594,69.18951976926932,29.781937030392214,-2.0417348684242906,-0.9942815995076543
308.2614340117764,65.19612595026005,23.57880942750792,-0.24717738252059693,0.8440506737022908
178.2490747923926,22.42693094605598,20.592045707363425,-0.6819842479977986,0.8423998487290459
220.4321917296452,71.2179221347536,17.443413327149766,-1.0016200098949155,0.9959969069978258
153.66654698659622,23.724908749680008,46.476457212391296,-0.2811002928859549,0.2748494029639854
96.50994061550571,32.539969815926774,41.530970389386454,1.7976865268495226,0.9793669781976083
280.15660927724906,74.64914051180241,48.251345533325626,0.6408428612670098,-0.7398962482262458
255.56217371759172,64.96328990472146,6.214861174277236,-0.5711789897827968,-0.40951231523366344
408.6329118460294,84.9223410494178,36.54337376018221,0.5725827813561586,0.05087532344240846
229.40046977821066,65.76128923003434,46.91702284105189,1.3993554365860021,0.41844937138061866
158.99267465956282,56.830860333547164,9.061653308283008,0.9246336829127688,0.9970098385261725
33.43176923715914,9.367476782809248,3.3248133683388748,0.05963036992017413,0.9680384201215119
198.4348637878163,36.77158030594335,37.056032464502955,-0.6469367777055739,0.8286064188646528
96.52784562642653,26.520236768172545,28.723655658995597,0.6982233136135899,0.9480104105002551
178.58282291275677,24.398964337908357,42.0914388379136,0.3934853854217496,0.8449539125289471
282.18843673481683,97.30105547524455,6.988618831314475,0.8951932200277323,-0.9406899927611917
196.73343504210317,39.30977246667604,39.76336559299451,0.6351718016819695,0.8509270743441907
315.09091095809345,89.20465551771133,10.081366002387227,1.0495527153193351,0.864839272656949
206.0282955762962,63.11386259972629,8.182797143285224,-0.535235211560568,-0.7583729084723468
233.05067632926537,79.48113035416485,8.213289896549647,1.3173940656343257,-0.37064965744654566
226.7681097584043,50.26370931051921,40.728736011569104,0.19759960469239965,-0.9318867547496845
235.17273949726098,57.69038846263591,33.25986103481001,2.0752608726252655,0.16534531995031337
181.56129912846473,49.25176938188639,26.153271238455964,-0.6891878180895679,-0.5915382715918717
81.51614161840848,19.52429877980445,17.941524206175124,1.7359638031652493,0.5693111450367498
384.38804718499824,72.24521152615053,43.86002704065541,0.1979107834626478,0.6377309257805621
151.5221918715822,28.07723624408558,19.622255371131768,-0.6514180036144483,0.0796437928261727
74.18071797513585,2.431596643145384,40.82997197357886,-0.48388583405432156,0.9706767111404585
272.40289985470895,64.54722959071678,21.95674542851092,-0.32034730819432017,0.9995524295098375
74.13667227680494,17.711067940704893,18.84722147124538,0.4241659464019164,-0.9953171612364737
387.061785752167,94.04585843529144,23.13398928348032,0.5228354880354996,0.09318082567119308
334.7984701270951,95.39285770025873,15.068893708207105,-0.573700003938579,0.6247442927015545
343.85514788354817,91.48643902204485,37.380469008812554,-0.02435459226098284,0.831294088250103
183.7054953763951,37.01587002554444,25.136019504623956,2.1422703586118637,-0.4735540017547484
-50.68555313008301,1.5456616528867428,11.610634757340865,1.7275431701007113,0.8370018665462972
312.1146526582842,92.83185625877253,44.978728663728425,0.4363236696740321,-0.7664851374388681
107.14811631256264,42.81841483173143,19.19456106866057,0.03800347816820029,0.989254738002866
351.4988865626851,96.66548190436696,27.17764305569943,0.1200313267182613,0.8917674630296981
466.35895419748516,96.36199770892529,45.32360554822735,0.6135179727304166,-0.6686084031103416
429.8916435412388,85.300945546736,31.211899795699605,-1.0227925651984056,0.866190407557508
131.92702676374998,29.444889206958567,5.844902035418204,-0.2573765374233451,-0.12301838866507805
234.55475468914796,38.50977286019253,46.991606180673756,-1.6685840738775894,0.9525008976559778
228.0589200545619,85.11366715168569,31.385402653570893,0.39922312260527926,-0.4006746182587739
101.4334730258908,31.692200515627768,16.745280732854305,0.647195939702741,0.9998709801139966
25.385843676754526,16.94927466860925,6.963603633169363,-0.483186462299374,-0.6749671396267284
215.40051775197884,55.68012624583501,39.7012594635148,1.5739867632900328,0.05227230136233717
334.4465169118461,93.6154774160781,31.003637796425675,-1.2257656630023412,0.9703615080202728
238.55051931526768,69.6029796674973,26.673054598816076,-1.4643748802098202,0.3458209240217093
161.4426188131159,57.0061170089365,44.69462915254788,0.22445181855997204,0.9223627673691834
145.40818205956032,9.717649377076853,39.42986056122654,1.0470983026121545,0.8986959736329446
146.03250469603572,61.500722669916975,7.583743986637559,1.6839276914578687,-0.1553253978484792
340.15070501639127,99.00538501042632,15.586103389777412,-0.45888426286894,-0.5122605516507548
170.57825203990245,14.008401523652402,12.424456990723288,1.0786808334312956,-0.12737652771838207
183.92429538706756,51.832965236373674,37.19731462863385,-0.03850846950070721,0.9966467746301872
140.05078891464808,87.73730719279554,1.676621736788969,-0.17262729994081963,0.0854461811188376
264.91934271938743,74.07686177542044,28.494484243565825,0.8836599374866724,0.6117495195213825
340.398572622578,69.7015740995268,38.122934287034525,0.6523228784134196,-0.5129050074437737
396.33916158333744,70.24840839871092,43.838281838087475,-1.5763921569842494,-0.515424247936906
80.57804051489646,35.94911512197552,17.104087435795375,1.4765403497258958,-0.9745071332354501
195.03824490837536,29.359184426449335,41.06286523360064,1.3800913541474515,0.8060953556441909
230.60599750007214,80.93611554785136,5.531586847760361,-0.6255627015095294,0.5335734741039798
322.3818298619993,81.01133946791808,42.32261458672591,0.39580353343740904,-0.34547224260520015
405.0877291580811,86.70723185801037,6.374433116599121,0.4940301862827388,-0.6987612194402412
238.55237840322047,91.32405525564712,19.864364528018363,0.2606737658239071,-0.8330651257631941
245.81923931096537,51.13423988609378,39.86476828897768,-0.5503051538454201,0.6233316496303468
188.8312897293089,50.15162946871996,7.4958713674386885,-0.6716233679380516,0.032177080952773725
316.70300946026407,79.82951789667752,11.462569761632075,-0.025554070991445278,-0.08718111577987925
272.1135937461809,64.99639307777652,36.11262841965331,1.1727290192593647,-0.4016679479793118
297.9962438071235,70.19668772577033,36.00182682730372,0.5436001545944323,0.9961312293724379
283.2701357482705,79.57926694361011,32.057381644264865,-0.37061433208610595,0.8015639790541279
349.8527940542353,89.00053418175663,34.697422223355,0.7716987106483447,-0.39048893910554905
138.51137761534983,33.79951568515358,27.13622216737981,-2.8485426206300755,-0.9952662096524476
168.93338617548102,37.5582952639944,12.589952945347637,1.1487657003721035,0.13961238176606955
44.28366450047095,9.3981939840869,17.284799675195973,-1.7397137787780996,0.604020246955572
210.49883367410408,57.8280140996174,9.079885840071283,-0.36244094140313216,-0.46474573879524855
100.16459758813654,3.5942273796742086,45.422528066681416,-1.1196698946261439,-0.6196835388131338
254.3210974549585,46.55980181324602,29.169589738306023,-1.2946814757209058,-0.6261334551209985
200.30884590921266,54.26446347075766,20.042570838181994,1.1608267873785194,-0.24576482762605162
43.511332592554524,28.65412521282844,23.100290182206635,-0.46770120131189136,0.46310388779360995
335.07438716758435,59.08332605690107,47.36416698059077,0.3465038817307158,0.9808712545126133
-20.801399749808095,3.050024993904943,7.66757015580401,-0.04692057887918407,0.4290000119161608
37.13912289400306,3.7348188749214417,29.31149160083986,0.47704082722312147,0.9224134988758943
267.58597138416945,82.26005606596583,25.2944339442233,0.07682189106025536,-0.9637261139864571
237.9245206253845,36.019064141126286,30.57271177173239,-1.2829922241885696,0.6965535125075086
-66.85453852128529,12.706051265188478,0.9055091910420254,0.99626681944714,0.5526239139597755
400.77279559385613,52.224326005480435,43.606195447207575,-0.4937565831613125,-0.19944404397126472
377.0127346312471,76.99935530986109,46.60591412418062,-1.556581898659751,0.9999874406416269
132.4215723144318,21.582102749684317,28.256659179460446,-0.4281151609659125,0.712899365806681
253.787525102575,62.28904758190003,34.83254119384461,1.5007597906343109,0.9994826540918246
132.13188135874282,8.5347464993768,46.124969058864785,0.8502217421134929,-0.8959185691184233
112.28450120088908,5.16817211686077,35.36193171566993,-0.3486521344078592,-0.9522117754333265
206.92107305937338,53.1354631568148,7.626952145713068,-0.3492577043184288,0.9953695195064898
247.5995957998857,54.06351216101065,28.81441800834066,-0.3216350512173826,-0.13987471282505834
256.37950915051,63.742990149820656,30.335752319142795,2.076747983560841,-0.9315312385037715
250.37354623167073,72.60913337226616,21.2065335651193,0.38193545223155334,0.7745506073506015
358.83638321855705,97.58520794625346,36.82221178123614,0.43004164719106963,0.804879939267727
238.58139194962604,51.630034830119534,46.718350738450745,1.0302834540318422,-0.29641080186235186
246.13229801640466,32.2956472941246,46.278425645338814,0.23878915902651351,0.878849722137415
313.31763168506745,79.51861947687037,22.541968570206606,-0.2590421458207031,-0.5300819037689158
-54.44595177051622,27.083225126207424,5.661902292037762,-0.19634984908497827,0.09350784068658653
262.97058493441233,43.89714207056361,49.242059948116726,-0.07160125941406395,0.14198524172481988
117.16353278321193,7.845638134226595,41.94490432229671,-0.03722223650984159,-0.8776264508459052
19.136053322669063,2.535074341545751,6.2331340601633425,0.7276295436369798,0.0785074696165032
361.45279001067047,96.26484146779251,46.04209413086862,0.05194588580729943,0.9999967880379083
393.98930835917525,83.59801205122058,43.49481810310641,0.7326400772155792,0.9258814195359367
308.05239064685946,69.59742060936979,25.941902856303606,-0.08071658010858232,-0.8177300242400044
143.16954350759346,40.89529444142699,29.563771787246463,0.07863519031609059,0.8556239453266974
112.2411807644935,17.329432007084577,19.95013519350651,-1.9982006845321076,-0.6417184790960822
3.8244399564646514,15.643704267108605,2.7380819411015667,0.9163276747024814,-0.5349618525031075
39.61168537452217,25.024289816459532,16.759862082295047,0.3464884758979927,-0.3944706340450889
213.71748304213904,54.92266647061205,40.14267242990057,0.9980101098596522,0.9627054072806678
257.96165272961696,71.45959227000624,0.23160115023014294,-2.8962553781936893,-0.4624547213489059
279.06538245323816,66.01973767177313,16.67495858455721,2.0883747047807275,-0.2021181562335214
149.45130944774183,27.993389694594285,19.908434679547167,-0.13958962815517376,0.25898102482946767
376.4539338351504,95.48652806631941,26.869780146896144,1.1081828167375165,0.23956486372787172
339.1635510057545,73.78969166957685,45.992780820638025,-1.0399059271255309,0.8947216239737368
168.8667354288687,55.43540525114007,17.317299718298063,0.6127739050625697,0.39942041470103035
239.8076712936255,61.17207462343522,17.347660094811385,-1.0534155631736561,-0.8922923597564821
239.65061980069592,41.96000624277899,36.87506240548742,-0.6237689606958051,0.1537249324441613
157.25565743000666,24.773098950115745,22.610897044490358,1.9140313538667861,0.01798453997721013
188.6979544631088,35.597267865126156,11.230241146999099,-0.19068240076334658,0.5215145693822886
308.0129771126333,75.78461104643691,22.62197580663467,0.21743287317972287,-0.9147850525672447
35.97615900398589,1.4393488629755868,7.042851018989992,0.8700677306887542,0.6422847585726902
105.96800271851856,11.607264050691624,8.819349325311165,0.49568188797260465,0.8443989921241215
62.3115069180208,4.600264202175275,24.918388636973987,0.15041890514357642,0.9581815576052025
10.017453084759936,4.072880231897013,20.946272475227396,0.3649610024662254,0.9851670613688326
339.969417112924,85.54605840110072,45.742295053405,2.403415585238275,-0.991494335196822
210.09161548534792,70.36578593800236,18.119694955831655,-0.05761879703358539,-0.993128270008756
166.55207000528284,47.41738290873252,29.02941751390217,0.2010990467149675,0.9722818064792889
85.35074345147758,9.783416065100148,31.61321439597652,1.050654396007612,0.7215338747244754
109.173212143885,49.16158751168324,0.6547228294166818,1.1055259329579838,0.8394159844675056
192.99719195388874,47.34717707805657,33.17686860083553,1.1870303055603801,-0.9683601631174303
-24.916575687709596,17.320186991001517,8.901798343487572,0.6387302220291846,-0.9414529837066933
236.92721188698437,43.385164923797305,48.053515873472755,-1.1430049127304835,0.8478392491407296
134.47796686263453,39.85047343973734,7.433136387655647,1.633431532301096,0.9802938771350228
185.36301023495776,61.585009805221645,20.731206186351187,-1.146345393018688,0.9998328276475157
232.0253454897778,63.50936508676438,4.267483403932193,0.30263546523903323,-0.17994822067802183
160.157134997536,4.530400977204452,49.843712592297365,-0.7542758500193579,0.9764927035489395
82.22529220261693,37.46126146264712,25.10975051656213,-0.06413834659299254,0.9426776803802971
209.16023751796456,62.58599157142364,29.76925086600219,0.3287624103034804,0.28246833147879785
119.19140782350414,50.31362585800877,3.3538238694213742,0.32135721545027307,-0.14089784670298786
284.9478443409713,85.64898411883223,37.49802351995889,0.42192075423528475,0.636213328954569
260.0723908918295,65.8693631618945,10.495279654779289,1.613711269058647,0.5400926658231805
128.99445012986013,16.29344270814297,44.90271447203569,0.45353430151397983,0.3143025724059184
28.458846202799123,7.056874740042984,10.256982024100358,-0.24415663529064868,0.5008112813620402
111.60143730792365,64.24192782063156,9.534386033183328,0.9640871682883573,0.6223995089098914
43.37926145775735,2.6511310541621813,1.827483392404744,1.1894704889246406,0.3543624212318565
160.9764491503653,58.57755812734633,23.603347255499962,-1.2276078151369925,0.6021015602639578
341.54981726706535,94.02302414249576,28.24205666313082,0.597400069849858,0.4096728360271569
193.0819642035085,57.5474177875879,3.2854319714176183,0.7011727423108983,0.966390232696527
262.0366693233902,38.816992620652194,38.776380834750526,-0.29756350335999193,-0.9769784090421595
172.8743290515531,64.32882184423532,22.66444173740138,1.3757068133116195,0.996228647618586
38.93928628917175,45.825289049151664,26.219513466379002,-0.15005558703252672,0.6080972633660693
216.95378872628805,54.56167893159349,22.03813734691141,0.12557645347154225,-0.9866924264076946
412.54130779603287,94.14648087765252,20.0381530437663,-0.1730718242838696,0.3298418093475223
233.74214211802595,38.610263780077425,27.982016565410895,0.015579047581467534,0.5863390093256637
314.36416450397684,96.11905638239142,7.762012296535625,-1.0962750868952018,0.3526517709502031
265.21619635474383,90.53506419560637,9.096406524763555,-1.4400508825942944,0.9841390621999013
185.27203237000617,19.579113478929642,43.089281050675865,1.5945050632249722,-0.8186052813951945
66.74262649068947,6.9361300875165455,47.305773106681634,-0.8469613483183278,-0.8245256609278308
91.38222050901426,10.077800137742665,18.665465813987648,-0.9913923494563072,-0.3257837725591979
57.81452296815164,1.8221825651549728,13.537233657177689,-2.153390113603715,0.4136363501130755
145.74333792562408,9.44429607559284,32.19997716195079,-0.6389617476895022,0.2165058172985016
383.7584510802706,68.30067734163569,20.43670855490482,-1.3230897934074983,0.3473198909408991
43.516028463041536,7.118864846022898,1.269317783017243,1.642015160136369,-0.20764452271403178
85.85976753937248,31.89756302937613,7.807629868309518,1.0098170893426341,-0.6299613721539002
323.7811005659764,84.48753109694546,35.798611442369875,-0.6881503451777238,0.0565231996862172
-15.579820332693018,2.3271935735825866,32.94619709550757,2.2524358053443088,0.49911640909940785
212.31448747257622,81.44684825889358,1.3547996251741745,0.9817654869915943,-0.8655965787783542
86.28952671965973,28.185477477339994,11.098608096647473,-0.32483138350862245,0.5141486376276806
32.352508048574386,11.816482762165625,11.55373982940357,-2.499405714873573,0.8547268254518033
283.8281675708041,69.67371653641507,33.59463717993642,2.2909425725907417,-0.3785164330114686
149.5329111902916,62.8942846779884,0.9855268877182077,-1.389572466763596,0.5449185973745703
329.7039956227968,87.74720135270529,5.2054290992286925,-1.6453987469568918,0.255689368304684
300.52327492439457,73.50710438038858,39.99580426865947,1.0225704320096403,0.9170490579605798
258.4337292639572,80.34809303848486,8.92723310271668,2.439752406339273,-0.5890500219310898
133.49024673093353,28.203457257130648,32.63730539259374,1.3842728185105182,-0.997332004870251
84.80967543153847,17.743954377972283,11.909139052336325,0.5639091200523596,-0.2910032807401304
276.38347800157374,75.06147516408583,4.972069637967258,0.594754341665286,-0.19662308908258666
223.01113009457958,80.6834739267264,12.158609549972704,0.8534155587803077,-0.34615636112659925
336.4724113320051,99.05051420006733,36.11334659278296,0.7589285897867651,0.9090330716583636
194.16864844522328,41.26176769114265,42.784823405314285,0.2811914239693758,0.9982994021314431
127.33386602087334,37.201808579278314,41.51099322834958,0.10420110395187607,0.7760784222055753
231.6793481983696,77.64129607419969,19.85917648092274,-0.06259312789952241,0.5906999576786846
145.238532055737,34.08035402530179,33.40425682853231,-0.7539645888666763,0.7947632422183261
343.44508625828786,93.07573256035647,10.249214770791049,-0.28067507686677406,-0.6217361522573612
299.9666650291011,85.84127518430118,14.657386513050664,-1.6929568141953855,-0.8670628532151603
228.01128563299469,42.89940273750184,44.81679092605599,-0.09833962679474989,0.9118173737134044
269.1064107969214,75.08710677914974,0.6500961755368018,-0.9885911071509175,0.733448254855445
228.04512589088168,75.45428740846823,4.2754265427234035,-1.103589317215771,0.8104721707278545
71.249028661827,10.31238688359326,10.394312757301366,0.17989415115347845,0.6262108435048023
268.25800474462716,90.25529066795667,1.3266101936909858,1.3920022863445993,0.713979607897007
182.9873727133183,50.525237244785714,9.071771754489866,0.918316606002313,-0.749828698687824
277.1034630487126,82.64574661077417,29.152078048484608,-1.570500603623177,0.7292693248244252
16.216477454611876,32.00496010306117,21.0712275296249,-0.9896281365703375,-0.9916417453493196
351.2101815472424,89.55232284962005,44.63358555384874,0.9407711879882159,-0.9909585913985242
269.64226659909,38.92016787341631,40.87217808692205,-0.9824873935383096,0.9962223100815729
83.74380072595673,1.083765148029836,17.0908675848938,-0.2246331499970246,-0.03219794332794014
345.8268104984669,90.53819764192636,12.971171671564624,0.5500520990245519,0.7986353550231863
127.16177994287764,9.128667678613356,18.984620408363345,-0.9683444548636353,0.3958911322024221
159.2564650766771,31.93136375904149,29.51474712574039,0.1053755061459599,-0.996003500972738
321.6907395678089,95.0061967050805,13.403182041143813,-1.3340254949182044,-0.8282978088516414
316.71444009446276,95.06071469375561,31.2074453924567,-0.6013676439512137,0.22461640495934548
197.1688888547574,57.34378881232861,20.470582609562022,0.31978193414253697,-0.7371660019745724
275.5444392246949,63.183721216979926,27.602359042599012,-1.5929937335316693,0.5832557408337417
238.34053136546842,44.84455219783198,21.806326456765834,0.440474737960399,-0.9160662990673326
110.43749367956116,29.321077169806454,14.723287977095884,-0.019637798926681216,0.9780195442098164
170.93523106461987,32.8664545369916,47.422665348107834,0.5524899544171478,-0.9928098084573235
278.1425141819175,67.25184560770384,38.18028970798804,0.22391413406466143,0.49650326269964207
269.784013854405,75.237452943768,7.005658788322627,1.3641404299738442,0.9999612770830291
252.12776990086877,79.15790437258485,43.42339879489564,0.12522450264790727,0.9035377076523721
170.8195150064556,78.96181427945538,24.371559912475682,-0.429405541125253,0.5272698820248266
89.29021112943707,9.120610304869036,44.72761134470457,0.12229750303228377,0.9970930659982548
167.27599570979805,49.442030470258146,39.992762797365764,0.5432980290363879,-0.15986904979468694
34.381968569551084,5.755876001664428,21.26067522346167,0.04886007032570433,0.959248281685828
159.71657958825884,54.95288823237355,1.12346541600587,0.04059169120388238,-0.8863153277288514
136.66446589935705,44.1530501373377,13.433867969247304,-0.7019916878067554,0.8879091555681798
393.0980530171139,88.77041827582998,27.081710733043344,-0.6629009175509482,0.6023781957533656
184.95956397835434,35.09150125520787,31.673910991307363,-1.4026052717996935,0.588303614792187
75.93259145214341,11.706701642760587,12.894384271660114,1.7495767431869393,0.6586278038918408
87.94346922530326,14.299168205283586,6.967803703641207,-1.243863235391285,0.684290687454983
255.00455730613314,76.15106317174723,41.74651183996495,-0.6929051977959073,-0.9800674641798449
335.86122643624697,61.82180633162611,49.22010903517761,-0.7184072655691974,-0.41242882861951735
79.11760674033266,10.112267612279025,26.28450911513429,0.8949243769444413,0.99105453784834
75.9240012813902,8.410680611499743,8.583964292415175,-0.2949496782920278,0.26834461915907504
183.92861043766513,70.096913145912,13.615366325968449,1.2477420726737338,0.6068138558962328
-54.019968736798475,7.276300636419353,0.9195338273733367,-0.6734906242438685,-0.9973311946090675
378.88238134440815,82.18600592903562,45.71494032802495,0.27899416222380197,0.32647886315399294
242.46825274083878,70.62422271564962,5.887554144507057,-0.8353470532597573,-0.7809387348386232
36.953704026119766,8.134878064189976,28.825823775712678,2.1451491277733883,-0.9648994480330325
9.373682230543466,8.483771408519193,13.7027610343603,-1.1875984190295128,0.869770478509071
407.6814130226705,98.66395785011754,27.708900125789672,0.3098207102270275,0.2807886710212674
117.95268291865614,37.427079575612034,32.57101941759321,0.6337768809320985,0.933390062834868
276.30047215358564,37.06421470668909,41.48709018536008,0.41379909745149823,-0.6151746081761733
219.45096062091767,81.27995672575025,10.32106358803016,-0.1852876588777083,0.995215224964668
317.1937523614248,94.72485773838586,0.5497914329240239,-0.12982069973342616,-0.21821847659895163
293.0579583662928,98.6001063822871,6.844281503440364,0.0438114719791096,0.8929822337988415
346.17469131661016,75.33781852589416,45.00093209240526,-0.14700200162848862,-0.8673679874912621
173.0611833098166,37.62595855309158,43.694503878125765,0.9638791167949097,0.2669367839419867
76.65187992301674,8.350071669866876,29.870655108515415,2.2105230015913513,0.9972215002252663
295.24171959138243,77.71469159274368,30.025843021682668,-0.5574917850078336,-0.485776797403828
183.91556958629343,55.840424973580504,33.25183372731277,-1.3698029795790778,0.06259791442422438
181.84494790744415,42.42220092469763,8.76856393117248,-0.08828204835125482,0.9921777112925876
337.68683179733756,90.6354385094736,45.72059729624799,2.5797093376543185,-0.7298565436789781
63.80630141405179,11.119748230615134,20.938526244603654,-0.8036745679697308,0.2704662288447473
136.38391538178186,49.262510429085914,19.156926412474874,1.6391168054440675,-0.8150970133890373
-72.81881898125604,1.1353644767419069,25.94588526414188,1.6777008140764407,0.9999617023540085
135.74340114573494,46.86606419941263,2.3482983387527523,-0.5535882417079946,0.6255262655753947
154.15009066080495,5.630327568183735,8.314168437803971,0.5689830791852754,0.9969101070302654
148.6789509179598,11.881791626807193,36.90168082131852,1.628396623128538,-0.02602117969247136
42.574721838924376,11.752624677710488,4.139933396256323,-0.3791277409874871,0.7532473619007976
241.93376012104446,64.92103021160635,30.15760547331941,-0.20358036010236177,0.35540321765247634
249.47166938836142,74.60448792654233,12.267455484066048,-0.5816809139486437,0.3639896205290258
241.29614669210605,58.336876509715964,19.464780702098828,-1.0147567306928669,-0.39900985749576784
258.4804974539903,96.21725484745419,14.434686838534994,-0.6492775450660071,0.9866341384963082
203.74453023704973,37.48705795237041,17.783635823247458,-1.2239402667622565,0.9007251406870458
193.38728217504502,28.571208628186074,35.95229525921228,0.03408346825922607,0.9633825689096258
326.2011963045523,86.85991281894603,14.85608578115875,-0.7699732310586418,0.4661029565777867
145.64300252601188,22.359583851945263,28.32023201484486,0.2337859117907477,0.25682949063369087
337.5526349367929,96.32225394406113,23.802520109954983,-1.5558956462036273,0.9987625501868526
103.65652074155071,1.2154474689816341,33.18355826813241,0.33088023221445706,-0.9525910662622774
414.2373286318365,96.98788267076391,46.8414869662379,0.8335289616089246,-0.12983746608601185
68.50314775914669,4.315991195057611,36.62860486051252,-1.9937356425714554,0.7410554103872282
260.1568833236519,89.11431136980711,10.747018929537838,0.37405656984757213,0.5651493512678404
166.52146099511776,52.77011090862999,1.5591567530642336,1.2276689924732922,0.9834739415407987
401.56685084053197,99.29647961193004,13.113202214991254,-1.2096410186912054,-0.942861747814882
19.691408707950103,7.379656473539886,29.753896535012743,1.6725723868377034,-0.24399980609270813
97.9226033811993,55.38542844013208,2.5712906742125172,0.4190190093660452,-0.8603811875076651
348.66542746767914,96.9302535619099,24.818312360061817,-0.7050118557584089,-0.4044023152142095
219.15802323553444,52.30978441701488,29.84214244584446,-0.05576907765770601,0.3857445374973216
230.91106374079527,62.93986381352625,16.712194540848042,0.5583269125217224,0.06348470401866575
298.01348696539236,69.57486889846172,38.545610187291096,0.0760053914124115,0.9960640703117133
135.8620320119689,45.454106476777326,5.32991265668859,0.5387559924463692,0.5691735667657369
270.274374128904,62.75580800840635,3.756889086790438,-0.9206735930793662,-0.905817029940792
168.06797027346462,58.43143119231002,36.409437810180165,0.169360824036078,0.998672225075269
278.47168352890424,90.11580104909889,24.774565810309923,-1.4137144969049802,0.12574147180557838
77.3114157377586,4.5446380341457875,34.420119821386805,-0.11122606134870032,-0.6331595862939473
45.612250180335366,28.096318959223034,21.74136693018731,-0.9039076414647897,-0.8464002729046785
300.9709283252747,95.04114840765587,12.320101661955341,-0.7355299425897666,0.7897190645925038
432.0628752210958,89.02637838909163,40.955115883709986,1.2360931752104374,0.49878590907985143
217.6829381474099,45.56567527857129,39.970793948448964,1.091310120594269,0.7132091200421954
267.0444717118379,62.013259780153675,34.73482354272134,0.609138120907177,0.8582138008609846
47.420630358707065,27.738118298113267,13.607256861498135,-1.092312764672579,0.9543491686160331
84.64134420206322,18.81211597237613,29.511533343454353,-0.3164084496948019,0.746647096627396
156.4470921598005,46.36984049399822,18.04869484700134,1.2130976999791834,0.9438653974865588
99.27812090266755,35.33522280260528,4.579103666331708,0.14171691363990474,-0.7677022903434383
330.91038085167435,58.365611185087204,45.86567877311214,2.319329539981694,0.7306289596970197
64.88680721764781,7.773463696498483,6.84093154594807,0.39331783939437187,-0.001908477089152378
331.7692798350786,97.43948076661665,47.51186769104012,0.1920491164900316,-0.9999997479563604
352.7890395612767,98.62107444796028,22.300288647897787,-0.3091164642025014,0.9350531579787426
