TransactionID,Date,Region,StoreID,Channel,ProductID,Category,UnitsSold,UnitPrice_COP,UnitCost_COP,Promotion,CustomerAge,CustomerIncome_COP,HouseholdSize,UnemploymentRate_pct,InflationRate_pct,ExchangeRate_COP_USD,AdSpend_COP,Revenue_COP,GrossProfit_COP,Margin_pct
T0001,2024-01-01,Cali,S1,Tienda física,P164,Hogar,3,125430,76506,Descuento,28,6593974,2,10.21,6.05,4020.58,564894,376290,146772,39.01
T0002,2024-01-02,Barranquilla,S4,Online,P132,Electrónica,18,76324,37911,Descuento,50,7352941,3,9.94,5.33,4020.49,1684973,1373832,691434,50.33
T0003,2024-01-03,Bogotá,S5,Online,P139,Hogar,19,10408,90127,Descuento,23,5315811,2,9.75,5.77,4429.7,384154,197752,-1514661,-765.94
T0004,2024-01-04,Cali,S4,Online,P173,Electrónica,19,64379,116453,Descuento,64,1794604,2,11.94,8.95,4579.87,895219,1223201,-989406,-80.89
T0005,2024-01-05,Cali,S5,Tienda física,P142,Hogar,5,30053,87458,Ninguna,32,3249927,2,10.54,8.82,4096.97,1912336,150265,-287025,-191.01
T0006,2024-01-06,Barranquilla,S5,Tienda física,P143,Hogar,18,145518,15175,Ninguna,49,4374108,1,13.65,8.65,4143.11,239544,2619324,2346174,89.57
T0007,2024-01-07,Bogotá,S3,Online,P128,Alimentos,10,136994,122235,Ninguna,68,3931638,2,12.36,7.7,4475.83,346183,1369940,147590,10.77
T0008,2024-01-08,Bogotá,S5,Online,P112,Alimentos,6,103723,57771,Ninguna,28,1464500,1,7.56,5.13,4014.51,778743,622338,275712,44.3
T0009,2024-01-09,Cali,S4,Tienda física,P111,Hogar,1,56356,130157,Descuento,40,3367478,4,12.12,5.47,3925.11,1472429,56356,-73801,-130.96
T0010,2024-01-10,Medellín,S5,Online,P194,Hogar,5,15789,124300,2x1,43,4176031,3,9.17,6.3,4482.47,563001,78945,-542555,-687.26
T0011,2024-01-11,Cali,S3,Tienda física,P145,Ropa,9,102720,89925,Ninguna,51,1839282,1,11.74,7.98,3837.2,1917189,924480,115155,12.46
T0012,2024-01-12,Cali,S3,Online,P101,Electrónica,12,71656,69358,2x1,63,7712427,4,12.44,3.41,4295.76,1183094,859872,27576,3.21
T0013,2024-01-13,Cali,S4,Tienda física,P134,Ropa,14,49028,50057,Ninguna,51,4103633,1,8.85,5.55,4249.59,153909,686392,-14406,-2.1
T0014,2024-01-14,Cali,S2,Online,P186,Alimentos,2,69484,9150,Ninguna,46,6911813,1,10.65,3.5,4076.74,1953359,138968,120668,86.83
T0015,2024-01-15,Barranquilla,S2,Tienda física,P180,Alimentos,17,37154,7425,2x1,21,3140369,3,8.52,6.09,4052.15,824984,631618,505393,80.02
T0016,2024-01-16,Bogotá,S5,Online,P189,Alimentos,14,7336,19032,Descuento,34,5148242,5,7.42,8.39,4417.49,1070834,102704,-163744,-159.43
T0017,2024-01-17,Barranquilla,S1,Tienda física,P107,Alimentos,13,108677,5198,Ninguna,52,2417060,5,10.03,7.69,3869.14,615693,1412801,1345227,95.22
T0018,2024-01-18,Barranquilla,S5,Tienda física,P192,Hogar,9,72779,147931,Ninguna,30,2231519,1,9.9,4.37,3989.43,639570,655011,-676368,-103.26
T0019,2024-01-19,Barranquilla,S4,Online,P125,Alimentos,15,24029,121865,Ninguna,58,7483575,2,14.96,8.86,4385.96,1626658,360435,-1467540,-407.16
T0020,2024-01-20,Cali,S4,Online,P173,Hogar,15,64201,142777,2x1,56,1989352,4,10.57,7.0,4238.66,339017,963015,-1178640,-122.39
T0021,2024-01-21,Medellín,S4,Tienda física,P189,Hogar,11,37265,26236,Descuento,32,5878714,2,9.67,3.06,3902.39,514994,409915,121319,29.6
T0022,2024-01-22,Bogotá,S4,Online,P133,Alimentos,16,107916,90955,2x1,46,7420699,2,11.64,4.53,4505.71,1041768,1726656,271376,15.72
T0023,2024-01-23,Medellín,S4,Tienda física,P106,Alimentos,17,179944,106145,2x1,46,2590281,1,7.71,4.56,4114.76,552891,3059048,1254583,41.01
T0024,2024-01-24,Barranquilla,S3,Online,P167,Electrónica,4,51197,149430,Descuento,28,5141106,1,14.69,3.42,4462.29,1940083,204788,-392932,-191.87
T0025,2024-01-25,Barranquilla,S2,Tienda física,P157,Ropa,1,130733,97914,2x1,69,3522466,1,12.08,8.76,4430.17,1617740,130733,32819,25.1
T0026,2024-01-26,Medellín,S4,Tienda física,P174,Alimentos,8,191252,105870,Descuento,49,3051317,1,13.04,5.87,4299.54,1852390,1530016,683056,44.64
T0027,2024-01-27,Medellín,S1,Tienda física,P128,Electrónica,17,159782,119243,Ninguna,19,7022398,5,8.36,8.37,4195.58,1176941,2716294,689163,25.37
T0028,2024-01-28,Medellín,S1,Tienda física,P135,Electrónica,3,165558,17596,Descuento,64,3146830,1,10.28,4.93,4583.64,565982,496674,443886,89.37
T0029,2024-01-29,Barranquilla,S1,Tienda física,P188,Ropa,15,76907,135351,Ninguna,31,3814150,5,10.38,3.75,3915.97,541416,1153605,-876660,-75.99
T0030,2024-01-30,Barranquilla,S1,Tienda física,P120,Hogar,15,133876,114496,2x1,37,2768560,5,13.57,5.85,4380.12,373146,2008140,290700,14.48
T0031,2024-01-31,Bogotá,S3,Online,P135,Alimentos,14,69435,133273,2x1,39,5860061,1,7.01,3.68,3952.95,1424667,972090,-893732,-91.94
T0032,2024-02-01,Bogotá,S1,Online,P109,Ropa,14,45631,141155,Ninguna,28,3805214,3,9.41,5.92,4070.61,1358870,638834,-1337336,-209.34
T0033,2024-02-02,Barranquilla,S4,Online,P172,Alimentos,2,134038,123674,2x1,44,3429180,4,14.85,8.52,4046.96,1264795,268076,20728,7.73
T0034,2024-02-03,Medellín,S5,Tienda física,P123,Electrónica,13,25103,123307,Descuento,20,3528599,2,10.8,6.12,4557.63,1489330,326339,-1276652,-391.2
T0035,2024-02-04,Medellín,S1,Tienda física,P163,Electrónica,14,69772,22063,Ninguna,34,2195843,5,10.06,6.7,4573.88,938574,976808,667926,68.38
T0036,2024-02-05,Bogotá,S3,Tienda física,P198,Hogar,19,131108,70642,2x1,61,5388891,4,7.96,3.94,3946.41,680595,2491052,1148854,46.12
T0037,2024-02-06,Barranquilla,S3,Tienda física,P148,Electrónica,7,19382,93093,Ninguna,45,1826045,3,14.79,3.26,3817.63,1284141,135674,-515977,-380.31
T0038,2024-02-07,Bogotá,S1,Online,P198,Electrónica,3,89291,38954,Descuento,46,6875539,2,7.16,3.66,4376.01,879383,267873,151011,56.37
T0039,2024-02-08,Bogotá,S5,Online,P135,Ropa,15,106195,30856,Descuento,38,5231419,2,12.9,6.59,4134.39,412229,1592925,1130085,70.94
T0040,2024-02-09,Cali,S1,Tienda física,P181,Alimentos,14,139828,5573,2x1,64,5695511,5,13.15,3.57,3871.07,658516,1957592,1879570,96.01
T0041,2024-02-10,Cali,S3,Online,P195,Alimentos,11,25609,38367,Descuento,33,2624945,1,8.95,5.26,4347.0,835036,281699,-140338,-49.82
T0042,2024-02-11,Cali,S2,Online,P123,Ropa,15,152550,102608,Ninguna,54,2591538,3,12.37,6.3,4236.08,1573447,2288250,749130,32.74
T0043,2024-02-12,Medellín,S4,Tienda física,P122,Hogar,13,175738,63774,Descuento,37,3563999,5,7.74,5.33,4584.41,667760,2284594,1455532,63.71
T0044,2024-02-13,Barranquilla,S3,Online,P161,Alimentos,18,80683,26752,Ninguna,23,1920488,3,9.06,3.98,3981.93,935869,1452294,970758,66.84
T0045,2024-02-14,Barranquilla,S1,Tienda física,P195,Electrónica,6,129714,58029,Ninguna,36,5990691,1,13.3,4.64,4123.18,1066920,778284,430110,55.26
T0046,2024-02-15,Barranquilla,S4,Online,P136,Alimentos,3,135330,133282,Descuento,22,1619065,1,13.92,8.57,4234.04,946143,405990,6144,1.51
T0047,2024-02-16,Barranquilla,S1,Tienda física,P111,Electrónica,19,76315,54693,2x1,20,3984372,5,11.87,7.06,4433.36,1286464,1449985,410818,28.33
T0048,2024-02-17,Cali,S1,Tienda física,P154,Hogar,15,82834,119739,Descuento,18,5425889,1,11.05,5.98,4239.07,177175,1242510,-553575,-44.55
T0049,2024-02-18,Medellín,S2,Tienda física,P112,Ropa,5,131205,58961,Ninguna,55,2663807,4,8.27,3.08,4290.32,688595,656025,361220,55.06
T0050,2024-02-19,Medellín,S4,Tienda física,P122,Alimentos,10,19153,129678,Ninguna,32,4292195,2,7.5,8.95,3980.92,1457453,191530,-1105250,-577.06
T0051,2024-02-20,Cali,S4,Online,P188,Ropa,7,81325,77532,Descuento,51,2816449,5,7.94,7.03,4477.53,1014634,569275,26551,4.66
T0052,2024-02-21,Medellín,S2,Tienda física,P198,Alimentos,17,149071,84994,2x1,52,1489102,3,8.82,4.9,4142.9,195028,2534207,1089309,42.98
T0053,2024-02-22,Cali,S3,Tienda física,P129,Electrónica,7,60318,59133,2x1,66,2536737,4,9.73,8.28,3912.77,1658242,422226,8295,1.96
T0054,2024-02-23,Barranquilla,S1,Tienda física,P116,Ropa,12,136886,64268,Ninguna,42,4260006,5,10.05,4.55,4331.35,1290888,1642632,871416,53.05
T0055,2024-02-24,Cali,S5,Online,P161,Alimentos,17,120033,34653,Ninguna,41,7372585,1,9.77,6.26,3972.87,591450,2040561,1451460,71.13
T0056,2024-02-25,Barranquilla,S1,Tienda física,P183,Electrónica,13,81077,124829,2x1,29,3577074,1,8.91,6.82,3878.05,1241069,1054001,-568776,-53.96
T0057,2024-02-26,Barranquilla,S1,Online,P188,Ropa,4,95474,131377,Descuento,35,3997753,1,11.08,4.33,4489.59,225149,381896,-143612,-37.61
T0058,2024-02-27,Bogotá,S3,Tienda física,P185,Ropa,10,138515,4622,Ninguna,32,2290805,1,13.6,8.87,4168.13,853704,1385150,1338930,96.66
T0059,2024-02-28,Cali,S1,Online,P112,Alimentos,3,78319,51756,Ninguna,61,5643778,3,9.24,7.49,4399.43,1351011,234957,79689,33.92
T0060,2024-02-29,Bogotá,S2,Online,P158,Alimentos,9,130885,43809,2x1,33,5362065,4,14.54,6.35,4032.47,263834,1177965,783684,66.53
T0061,2024-03-01,Cali,S2,Tienda física,P118,Alimentos,13,114777,19725,Descuento,44,4210087,2,13.99,4.08,4429.58,370403,1492101,1235676,82.81
T0062,2024-03-02,Cali,S4,Online,P148,Electrónica,18,22368,54226,2x1,25,1460116,3,8.29,3.32,3889.55,1329787,402624,-573444,-142.43
T0063,2024-03-03,Bogotá,S5,Tienda física,P199,Alimentos,15,151400,84182,Descuento,63,4168462,3,13.29,4.92,4084.78,1015207,2271000,1008270,44.4
T0064,2024-03-04,Bogotá,S1,Tienda física,P111,Ropa,4,193014,32402,Descuento,42,7286368,2,11.6,7.52,4582.45,1425569,772056,642448,83.21
T0065,2024-03-05,Cali,S1,Tienda física,P160,Ropa,15,96751,7263,Descuento,34,4242146,2,11.53,4.62,4435.19,1492488,1451265,1342320,92.49
T0066,2024-03-06,Medellín,S3,Online,P118,Alimentos,2,32306,50924,Ninguna,46,3818137,1,10.13,6.24,4197.8,1516828,64612,-37236,-57.63
T0067,2024-03-07,Barranquilla,S2,Online,P175,Alimentos,15,175987,77182,2x1,25,5414279,3,11.01,7.37,4071.82,417013,2639805,1482075,56.14
T0068,2024-03-08,Bogotá,S5,Tienda física,P108,Hogar,8,42219,145736,2x1,32,5552099,5,10.18,3.65,4497.71,1013320,337752,-828136,-245.19
T0069,2024-03-09,Barranquilla,S4,Tienda física,P170,Ropa,8,65279,38737,Descuento,44,4762223,2,11.32,7.11,4235.88,1211671,522232,212336,40.66
T0070,2024-03-10,Medellín,S2,Online,P127,Electrónica,17,58028,104332,Ninguna,63,2457949,2,12.02,3.55,4406.74,1266462,986476,-787168,-79.8
T0071,2024-03-11,Medellín,S4,Tienda física,P177,Hogar,12,109263,92563,Ninguna,67,6419243,4,12.39,8.79,4403.29,957342,1311156,200400,15.28
T0072,2024-03-12,Medellín,S3,Tienda física,P194,Alimentos,19,5126,131575,2x1,69,4171981,5,11.26,5.93,3814.36,1628502,97394,-2402531,-2466.82
T0073,2024-03-13,Bogotá,S3,Tienda física,P151,Alimentos,10,57329,104371,Ninguna,24,5050241,5,12.77,3.9,3901.0,385711,573290,-470420,-82.06
T0074,2024-03-14,Medellín,S1,Online,P182,Ropa,9,32632,41709,Ninguna,20,6738166,2,8.13,5.05,4327.7,1183868,293688,-81693,-27.82
T0075,2024-03-15,Bogotá,S5,Online,P115,Alimentos,5,114945,24172,Descuento,46,5159076,1,8.7,5.48,3929.3,1223389,574725,453865,78.97
T0076,2024-03-16,Medellín,S4,Online,P168,Electrónica,6,60176,14555,Ninguna,61,4934340,4,13.55,7.55,4004.39,721424,361056,273726,75.81
T0077,2024-03-17,Barranquilla,S2,Tienda física,P198,Ropa,2,180399,56276,Descuento,41,4521765,5,9.58,7.46,4557.31,675919,360798,248246,68.8
T0078,2024-03-18,Barranquilla,S3,Tienda física,P111,Alimentos,13,139869,60492,2x1,20,1588076,2,7.18,6.67,4248.15,109885,1818297,1031901,56.75
T0079,2024-03-19,Cali,S1,Tienda física,P124,Ropa,6,183954,92599,Ninguna,37,6084797,5,8.23,3.64,4400.58,1333954,1103724,548130,49.66
T0080,2024-03-20,Barranquilla,S1,Online,P151,Alimentos,5,149790,14046,2x1,63,4309244,4,8.79,3.91,4246.38,952746,748950,678720,90.62
T0081,2024-03-21,Cali,S4,Tienda física,P184,Alimentos,1,39560,119021,2x1,32,6016909,4,14.66,3.56,4242.01,1475807,39560,-79461,-200.86
T0082,2024-03-22,Barranquilla,S3,Tienda física,P199,Alimentos,6,81589,7853,Ninguna,42,6119799,3,11.58,6.46,3875.32,522381,489534,442416,90.37
T0083,2024-03-23,Bogotá,S5,Tienda física,P152,Electrónica,6,27116,123900,Ninguna,47,6740070,2,14.46,8.26,4074.93,1076433,162696,-580704,-356.93
T0084,2024-03-24,Barranquilla,S3,Tienda física,P122,Electrónica,16,172316,62129,2x1,31,3398611,4,11.6,5.6,4025.94,560244,2757056,1762992,63.94
T0085,2024-03-25,Cali,S4,Online,P115,Ropa,4,137717,117130,Ninguna,24,6156289,3,10.83,3.97,4112.58,674100,550868,82348,14.95
T0086,2024-03-26,Cali,S4,Online,P156,Alimentos,11,183595,149922,Descuento,34,7691878,3,9.51,6.35,4438.68,805860,2019545,370403,18.34
T0087,2024-03-27,Medellín,S3,Tienda física,P138,Alimentos,9,129085,146184,Descuento,61,7275205,5,11.85,7.87,4097.55,1620943,1161765,-153891,-13.25
T0088,2024-03-28,Bogotá,S4,Online,P152,Electrónica,3,122718,124789,Ninguna,37,3160826,5,8.11,7.45,4161.36,1469363,368154,-6213,-1.69
T0089,2024-03-29,Barranquilla,S3,Online,P141,Alimentos,19,24256,41890,2x1,53,4044664,3,14.19,8.29,4117.91,144900,460864,-335046,-72.7
T0090,2024-03-30,Medellín,S2,Tienda física,P157,Electrónica,8,105158,69017,Ninguna,26,3813275,5,13.63,4.67,3874.73,1584738,841264,289128,34.37
T0091,2024-03-31,Barranquilla,S3,Tienda física,P138,Alimentos,5,189245,135596,Ninguna,55,2578369,4,9.54,4.16,4152.86,501067,946225,268245,28.35
T0092,2024-04-01,Barranquilla,S3,Online,P113,Ropa,4,173502,103424,2x1,65,3623970,1,14.62,8.28,3956.49,902720,694008,280312,40.39
T0093,2024-04-02,Medellín,S4,Tienda física,P194,Alimentos,6,175354,18048,2x1,39,3290212,4,13.6,6.95,3949.38,1221268,1052124,943836,89.71
T0094,2024-04-03,Medellín,S4,Online,P104,Alimentos,2,124719,57912,Descuento,19,6430852,3,12.33,4.87,3875.23,560796,249438,133614,53.57
T0095,2024-04-04,Medellín,S1,Tienda física,P134,Hogar,11,199446,37008,2x1,41,5371774,3,7.97,7.45,4085.34,1549160,2193906,1786818,81.44
T0096,2024-04-05,Medellín,S1,Online,P186,Electrónica,4,73244,134132,Descuento,25,3441984,4,10.83,7.89,4405.99,1900072,292976,-243552,-83.13
T0097,2024-04-06,Medellín,S2,Tienda física,P192,Alimentos,15,147766,86559,2x1,28,1352999,5,11.05,6.69,4021.15,1194979,2216490,918105,41.42
T0098,2024-04-07,Barranquilla,S1,Online,P174,Alimentos,6,61264,58337,Ninguna,30,5742923,5,8.86,7.13,4049.88,1764034,367584,17562,4.78
T0099,2024-04-08,Medellín,S3,Online,P117,Hogar,17,62545,113616,Descuento,34,1261367,3,7.64,5.25,4314.14,895600,1063265,-868207,-81.65
T0100,2024-04-09,Bogotá,S4,Online,P175,Hogar,6,44224,16350,Descuento,25,1953315,2,13.21,6.23,3956.67,1104001,265344,167244,63.03
T0101,2024-04-10,Cali,S1,Tienda física,P108,Electrónica,19,102945,27354,Descuento,38,5800108,5,7.98,6.14,4517.57,412023,1955955,1436229,73.43
T0102,2024-04-11,Medellín,S1,Online,P173,Hogar,2,18224,48186,Ninguna,35,4205334,4,11.75,8.09,4216.15,1208447,36448,-59924,-164.41
T0103,2024-04-12,Medellín,S2,Online,P157,Ropa,15,45738,31145,Ninguna,47,4054190,5,14.49,8.04,4158.08,1129127,686070,218895,31.91
T0104,2024-04-13,Barranquilla,S2,Tienda física,P116,Hogar,11,161222,89123,Ninguna,35,2484382,4,14.01,8.0,4246.26,1631180,1773442,793089,44.72
T0105,2024-04-14,Medellín,S3,Tienda física,P106,Ropa,8,68731,23581,Ninguna,63,5053321,3,9.22,3.07,3932.83,591862,549848,361200,65.69
T0106,2024-04-15,Medellín,S4,Online,P145,Electrónica,19,185760,91929,Ninguna,64,6487618,5,13.81,7.5,4290.78,1180750,3529440,1782789,50.51
T0107,2024-04-16,Medellín,S2,Online,P112,Electrónica,13,144649,26051,Descuento,48,3854837,4,7.0,7.55,4090.48,855111,1880437,1541774,81.99
T0108,2024-04-17,Barranquilla,S1,Tienda física,P139,Electrónica,12,13070,54474,Ninguna,55,4684239,3,7.14,7.07,4517.75,323563,156840,-496848,-316.79
T0109,2024-04-18,Medellín,S4,Tienda física,P141,Electrónica,5,131161,94748,Descuento,49,2242377,2,11.82,7.54,3935.08,237653,655805,182065,27.76
T0110,2024-04-19,Cali,S4,Tienda física,P108,Electrónica,6,13666,128995,Ninguna,28,7693788,4,9.92,8.05,4205.64,210155,81996,-691974,-843.91
T0111,2024-04-20,Barranquilla,S1,Tienda física,P149,Ropa,4,62761,72626,2x1,62,5777033,2,10.09,5.82,4278.49,433997,251044,-39460,-15.72
T0112,2024-04-21,Cali,S2,Tienda física,P126,Ropa,19,41368,9960,Descuento,42,7305931,2,11.52,6.01,3826.71,1999054,785992,596752,75.92
T0113,2024-04-22,Barranquilla,S1,Online,P165,Electrónica,1,142855,39408,2x1,50,4457181,1,8.53,3.75,4090.95,1460398,142855,103447,72.41
T0114,2024-04-23,Medellín,S4,Tienda física,P104,Hogar,17,46914,97006,Descuento,55,6462696,5,8.69,5.31,4386.11,1650184,797538,-851564,-106.77
T0115,2024-04-24,Cali,S5,Online,P128,Alimentos,12,132738,60134,2x1,58,6354048,4,10.88,6.86,4456.3,1961657,1592856,871248,54.7
T0116,2024-04-25,Barranquilla,S5,Online,P136,Electrónica,15,72526,135413,Ninguna,25,2123780,2,13.03,7.68,4050.53,1276371,1087890,-943305,-86.71
T0117,2024-04-26,Bogotá,S3,Online,P137,Hogar,1,181837,93327,Ninguna,28,4066451,1,11.96,4.3,4438.87,188668,181837,88510,48.68
T0118,2024-04-27,Medellín,S1,Tienda física,P182,Alimentos,14,24956,134410,Ninguna,39,6859595,3,9.38,3.83,4574.2,837685,349384,-1532356,-438.59
T0119,2024-04-28,Barranquilla,S1,Online,P107,Electrónica,6,51240,146326,Descuento,68,3668152,4,10.44,6.98,4485.5,769927,307440,-570516,-185.57
T0120,2024-04-29,Bogotá,S3,Online,P164,Electrónica,5,126008,14344,2x1,41,5607871,2,8.37,3.01,3894.12,1622196,630040,558320,88.62
T0121,2024-04-30,Barranquilla,S3,Tienda física,P185,Ropa,11,173220,135822,Ninguna,58,3142811,5,7.6,4.07,4391.78,1912005,1905420,411378,21.59
T0122,2024-05-01,Bogotá,S3,Online,P116,Alimentos,4,99270,70957,2x1,34,7707640,1,13.26,3.17,4055.73,1768883,397080,113252,28.52
T0123,2024-05-02,Medellín,S4,Online,P170,Alimentos,13,9757,108423,2x1,29,1498090,2,9.12,4.0,4590.73,1079448,126841,-1282658,-1011.23
T0124,2024-05-03,Cali,S1,Tienda física,P188,Hogar,11,24097,61053,Ninguna,63,1517348,5,8.42,4.09,4188.29,653091,265067,-406516,-153.36
T0125,2024-05-04,Bogotá,S4,Online,P144,Ropa,3,146467,149968,Ninguna,49,6625838,2,12.53,5.33,3897.95,773590,439401,-10503,-2.39
T0126,2024-05-05,Barranquilla,S3,Online,P103,Ropa,1,152313,80454,2x1,32,2526283,4,11.94,5.41,4380.15,773222,152313,71859,47.18
T0127,2024-05-06,Medellín,S1,Online,P135,Ropa,6,108892,93600,Ninguna,33,1292324,4,12.07,8.25,4058.41,1585147,653352,91752,14.04
T0128,2024-05-07,Bogotá,S4,Tienda física,P169,Ropa,18,163768,125732,Ninguna,39,3520688,4,8.83,6.06,4597.66,1048763,2947824,684648,23.23
T0129,2024-05-08,Barranquilla,S4,Tienda física,P130,Alimentos,10,75480,40641,Ninguna,45,3005808,1,8.86,7.34,4583.83,1378723,754800,348390,46.16
T0130,2024-05-09,Barranquilla,S3,Tienda física,P118,Alimentos,5,51163,32711,Descuento,37,2520567,4,8.77,3.62,4324.91,1104949,255815,92260,36.07
T0131,2024-05-10,Barranquilla,S1,Online,P160,Electrónica,10,24816,73342,2x1,50,5420459,5,8.39,4.35,3903.86,655083,248160,-485260,-195.54
T0132,2024-05-11,Bogotá,S3,Online,P153,Electrónica,12,185912,109896,2x1,27,5736119,2,12.25,7.22,4349.49,1656396,2230944,912192,40.89
T0133,2024-05-12,Bogotá,S1,Tienda física,P138,Ropa,2,57853,146254,Descuento,57,7084059,3,13.78,3.32,3874.42,370914,115706,-176802,-152.8
T0134,2024-05-13,Bogotá,S5,Online,P190,Ropa,13,160989,90833,2x1,49,5215470,5,12.79,5.92,3823.49,1683957,2092857,912028,43.58
T0135,2024-05-14,Cali,S2,Online,P173,Ropa,8,101731,59276,Ninguna,67,5854798,5,13.34,6.6,4458.37,1541985,813848,339640,41.73
T0136,2024-05-15,Bogotá,S2,Tienda física,P189,Electrónica,2,157638,22541,2x1,50,7640837,4,10.24,6.61,3967.8,462455,315276,270194,85.7
T0137,2024-05-16,Bogotá,S2,Tienda física,P118,Hogar,1,67823,97457,Ninguna,19,4477419,1,12.23,3.14,4103.22,379713,67823,-29634,-43.69
T0138,2024-05-17,Bogotá,S3,Online,P138,Hogar,5,156878,47813,Descuento,50,4822138,2,9.83,4.93,4578.77,1134586,784390,545325,69.52
T0139,2024-05-18,Cali,S5,Online,P166,Electrónica,9,6759,142892,Ninguna,50,3740476,1,11.2,6.82,4069.47,1946198,60831,-1225197,-2014.1
T0140,2024-05-19,Bogotá,S1,Online,P144,Electrónica,17,178021,27070,2x1,58,5429011,2,10.85,3.89,4037.19,1997832,3026357,2566167,84.79
T0141,2024-05-20,Barranquilla,S4,Tienda física,P112,Electrónica,9,97374,145194,2x1,30,2137841,2,8.42,7.17,4534.57,1846688,876366,-430380,-49.11
T0142,2024-05-21,Bogotá,S1,Tienda física,P191,Electrónica,11,138554,83559,2x1,47,2767053,1,10.1,7.48,3888.6,1836263,1524094,604945,39.69
T0143,2024-05-22,Barranquilla,S4,Tienda física,P157,Electrónica,15,29442,44786,Descuento,50,3116545,5,14.71,8.89,4407.67,1452790,441630,-230160,-52.12
T0144,2024-05-23,Barranquilla,S1,Tienda física,P119,Electrónica,6,169791,140809,Descuento,30,4043940,2,8.99,4.26,4590.45,1103429,1018746,173892,17.07
T0145,2024-05-24,Barranquilla,S5,Online,P191,Ropa,3,194138,39062,2x1,69,5747603,1,8.07,7.95,4521.04,664485,582414,465228,79.88
T0146,2024-05-25,Cali,S4,Tienda física,P171,Ropa,17,98501,54571,Ninguna,43,5132441,2,10.35,6.12,4321.33,1675125,1674517,746810,44.6
T0147,2024-05-26,Cali,S3,Tienda física,P160,Ropa,5,7079,28510,Descuento,39,2407068,3,13.32,5.24,4051.25,257584,35395,-107155,-302.74
T0148,2024-05-27,Cali,S1,Tienda física,P138,Ropa,12,138789,22426,2x1,56,6916992,5,11.66,3.73,4003.46,1024220,1665468,1396356,83.84
T0149,2024-05-28,Bogotá,S1,Tienda física,P100,Electrónica,18,64676,40265,2x1,19,5564406,4,12.45,7.41,4455.4,1497515,1164168,439398,37.74
T0150,2024-05-29,Barranquilla,S4,Tienda física,P102,Hogar,14,164024,69150,Descuento,55,1594274,2,8.52,4.42,4503.86,391077,2296336,1328236,57.84
T0151,2024-05-30,Cali,S3,Online,P176,Alimentos,11,178532,90312,Descuento,56,5611589,3,11.95,5.23,4220.35,1124729,1963852,970420,49.41
T0152,2024-05-31,Cali,S3,Online,P191,Electrónica,9,95397,92613,Descuento,43,2586980,4,9.59,3.38,3995.47,759738,858573,25056,2.92
T0153,2024-06-01,Bogotá,S5,Tienda física,P161,Alimentos,2,77847,77910,Ninguna,63,2408052,4,13.67,7.81,3890.35,1713447,155694,-126,-0.08
T0154,2024-06-02,Cali,S3,Online,P162,Hogar,12,98607,55375,Ninguna,67,4055994,2,12.03,7.6,3869.74,474226,1183284,518784,43.84
T0155,2024-06-03,Bogotá,S3,Tienda física,P124,Ropa,3,154521,124826,2x1,32,7107440,1,8.59,7.4,4375.26,1832969,463563,89085,19.22
T0156,2024-06-04,Medellín,S3,Tienda física,P155,Hogar,3,169608,38435,Descuento,51,4147762,2,7.52,4.8,4136.09,1565792,508824,393519,77.34
T0157,2024-06-05,Cali,S2,Online,P132,Electrónica,1,69077,99443,Ninguna,59,3593293,3,7.34,4.04,4524.29,1259608,69077,-30366,-43.96
T0158,2024-06-06,Medellín,S5,Online,P137,Ropa,8,43258,137055,Descuento,61,4240267,4,9.97,6.83,4391.74,1355516,346064,-750376,-216.83
T0159,2024-06-07,Bogotá,S1,Tienda física,P105,Electrónica,8,184374,26510,2x1,66,5042323,2,9.13,5.98,3953.01,1453324,1474992,1262912,85.62
T0160,2024-06-08,Barranquilla,S4,Tienda física,P157,Ropa,11,164937,97071,Ninguna,57,2497076,1,12.17,4.07,4291.02,561552,1814307,746526,41.15
T0161,2024-06-09,Cali,S1,Tienda física,P143,Alimentos,9,142717,9640,Ninguna,28,7133297,2,10.99,7.12,4148.4,1375303,1284453,1197693,93.25
T0162,2024-06-10,Bogotá,S5,Online,P144,Alimentos,5,124771,47547,Ninguna,20,2380887,5,9.13,8.95,4261.8,173869,623855,386120,61.89
T0163,2024-06-11,Barranquilla,S4,Tienda física,P131,Alimentos,14,43000,57620,2x1,23,3007610,1,8.19,7.48,4390.46,1940418,602000,-204680,-34.0
T0164,2024-06-12,Barranquilla,S5,Tienda física,P144,Hogar,3,31737,149389,Descuento,26,5639850,3,8.02,7.44,4444.96,969807,95211,-352956,-370.71
T0165,2024-06-13,Medellín,S3,Tienda física,P160,Electrónica,5,16485,118608,Ninguna,23,3948385,4,13.92,8.7,4474.99,1859980,82425,-510615,-619.49
T0166,2024-06-14,Bogotá,S4,Online,P146,Hogar,5,43565,10564,2x1,26,4915288,2,8.95,4.22,4003.18,818675,217825,165005,75.75
T0167,2024-06-15,Barranquilla,S3,Tienda física,P120,Alimentos,19,161594,116824,Descuento,56,3124401,1,12.21,6.39,3824.89,302416,3070286,850630,27.71
T0168,2024-06-16,Cali,S1,Tienda física,P179,Electrónica,14,124614,82273,2x1,48,3096220,5,13.49,8.88,4391.44,1759580,1744596,592774,33.98
T0169,2024-06-17,Cali,S1,Online,P184,Alimentos,4,70155,77859,Descuento,49,4338744,1,11.91,3.99,3885.07,678533,280620,-30816,-10.98
T0170,2024-06-18,Medellín,S4,Tienda física,P174,Hogar,13,191240,113017,2x1,58,1346470,5,13.88,7.2,4051.94,667344,2486120,1016899,40.9
T0171,2024-06-19,Barranquilla,S4,Tienda física,P135,Hogar,10,57487,126618,Descuento,67,2567223,3,10.14,6.51,3803.05,1559501,574870,-691310,-120.26
T0172,2024-06-20,Bogotá,S5,Online,P198,Hogar,18,134948,128341,Ninguna,29,2255146,4,14.65,6.52,4345.34,875024,2429064,118926,4.9
T0173,2024-06-21,Cali,S5,Tienda física,P118,Alimentos,8,17342,32430,Descuento,25,3628081,3,8.07,7.19,3933.71,1469277,138736,-120704,-87.0
T0174,2024-06-22,Barranquilla,S3,Online,P119,Electrónica,8,45806,30788,2x1,25,4879126,2,7.82,8.58,4324.23,1428263,366448,120144,32.79
T0175,2024-06-23,Barranquilla,S4,Online,P156,Electrónica,7,53770,147991,2x1,67,4844843,1,12.27,7.7,4593.39,530634,376390,-659547,-175.23
T0176,2024-06-24,Medellín,S1,Tienda física,P117,Alimentos,8,83623,72346,Descuento,45,5473445,5,14.54,3.34,3858.14,849971,668984,90216,13.49
T0177,2024-06-25,Cali,S5,Tienda física,P146,Electrónica,14,108177,99122,Ninguna,37,5406419,5,13.47,8.12,3861.66,596507,1514478,126770,8.37
T0178,2024-06-26,Cali,S5,Tienda física,P148,Alimentos,19,136026,42974,Ninguna,64,4384790,1,7.61,4.35,4072.3,1131008,2584494,1767988,68.41
T0179,2024-06-27,Bogotá,S1,Tienda física,P113,Electrónica,6,80629,110309,Descuento,24,4106495,1,9.23,5.26,4493.11,1558516,483774,-178080,-36.81
T0180,2024-06-28,Cali,S5,Online,P114,Ropa,1,125993,19371,Descuento,28,6737580,2,14.44,5.77,3972.42,365972,125993,106622,84.63
T0181,2024-06-29,Bogotá,S3,Tienda física,P130,Ropa,15,188675,48084,2x1,37,5341363,3,9.02,5.89,4088.3,1265232,2830125,2108865,74.51
T0182,2024-06-30,Cali,S4,Online,P100,Hogar,1,131944,64916,Ninguna,33,7881935,5,13.25,5.61,3854.8,1165663,131944,67028,50.8
T0183,2024-07-01,Medellín,S1,Tienda física,P153,Ropa,17,110947,76972,Descuento,21,2774833,2,13.6,8.62,4410.52,1442057,1886099,577575,30.62
T0184,2024-07-02,Cali,S4,Tienda física,P102,Ropa,1,31399,15984,Ninguna,23,4127337,3,10.96,7.24,4126.65,236554,31399,15415,49.09
T0185,2024-07-03,Bogotá,S5,Tienda física,P115,Ropa,15,133177,36039,Descuento,39,3248891,2,10.09,6.79,4407.4,585757,1997655,1457070,72.94
T0186,2024-07-04,Bogotá,S5,Online,P186,Alimentos,2,114575,88431,Descuento,43,7889142,5,10.6,3.3,4522.89,282024,229150,52288,22.82
T0187,2024-07-05,Medellín,S1,Tienda física,P156,Ropa,14,115904,86691,Ninguna,20,2370439,1,8.82,8.42,3986.21,1285111,1622656,408982,25.2
T0188,2024-07-06,Cali,S3,Tienda física,P174,Ropa,8,191178,61606,Descuento,58,6190961,1,14.12,8.46,4445.92,867524,1529424,1036576,67.78
T0189,2024-07-07,Cali,S2,Tienda física,P111,Hogar,8,35678,144688,Descuento,59,4846804,3,10.6,7.68,3847.28,1743312,285424,-872080,-305.54
T0190,2024-07-08,Medellín,S1,Tienda física,P173,Ropa,19,81218,105665,2x1,31,1847296,4,14.06,3.04,4519.08,1677512,1543142,-464493,-30.1
T0191,2024-07-09,Cali,S2,Online,P195,Ropa,7,68230,108373,Descuento,28,2749302,3,7.85,3.34,4320.61,1541296,477610,-281001,-58.83
T0192,2024-07-10,Cali,S2,Tienda física,P115,Electrónica,19,79055,27574,Descuento,35,4322951,4,14.91,4.35,4499.38,395767,1502045,978139,65.12
T0193,2024-07-11,Bogotá,S3,Online,P171,Hogar,6,192445,137502,Descuento,29,2878687,2,10.55,3.79,3800.15,1600948,1154670,329658,28.55
T0194,2024-07-12,Cali,S2,Online,P175,Hogar,6,167552,146748,2x1,40,2000101,2,7.38,5.39,3935.26,135634,1005312,124824,12.42
T0195,2024-07-13,Cali,S2,Online,P123,Hogar,3,77258,144888,Ninguna,29,5300612,5,7.3,8.54,4111.81,476742,231774,-202890,-87.54
T0196,2024-07-14,Medellín,S3,Online,P127,Hogar,7,44986,35733,2x1,30,3159406,4,12.97,5.83,4103.6,411478,314902,64771,20.57
T0197,2024-07-15,Medellín,S2,Online,P107,Hogar,19,160232,5050,2x1,42,7077845,5,12.27,3.08,3981.38,955080,3044408,2948458,96.85
T0198,2024-07-16,Barranquilla,S2,Online,P191,Hogar,8,90595,112996,Ninguna,62,7214126,1,13.42,4.7,4105.29,1694918,724760,-179208,-24.73
T0199,2024-07-17,Bogotá,S2,Tienda física,P135,Alimentos,10,106358,36933,2x1,68,6438561,4,7.84,3.27,3903.08,1742892,1063580,694250,65.27
T0200,2024-07-18,Cali,S1,Online,P189,Ropa,15,69929,27951,Ninguna,36,7539776,3,7.28,3.22,4130.21,646495,1048935,629670,60.03
